1,3131221,admin5@gmail.com,password
2,3131221,admin5@gmail.com,password
3,3131221,admin5@gmail.com,password
4,3131221,admin5@gmail.com,password
5,3131221,admin5@gmail.com,password
6,3131221,admin5@gmail.com,password
7,3131221,admin5@gmail.com,password
8,3131221,admin5@gmail.com,password
9,3131221,admin5@gmail.com,password
10,3131221,admin5@gmail.com,password
11,3131221,admin5@gmail.com,password
12,3131221,admin5@gmail.com,password
13,3131221,admin5@gmail.com,password
14,3131221,admin5@gmail.com,password
15,3131221,admin5@gmail.com,password
16,3131221,admin5@gmail.com,password
17,3131221,admin5@gmail.com,password
18,3131221,admin5@gmail.com,password
19,3131221,admin5@gmail.com,password
20,3131221,admin5@gmail.com,password
21,3131221,admin5@gmail.com,password
22,3131221,admin5@gmail.com,password
23,3131221,admin5@gmail.com,password
24,3131221,admin5@gmail.com,password
25,3131221,admin5@gmail.com,password
26,3131221,admin5@gmail.com,password
27,3131221,admin5@gmail.com,password
28,3131221,admin5@gmail.com,password
29,3131221,admin5@gmail.com,password
30,3131221,admin5@gmail.com,password
